Comparison,Covariate,Covariate Type,Treatment Value/Proportion,Control Value/Proportion,SMD,Absolute SMD,Heuristic Assessment
Mens E-Mail vs No E-Mail,history_segment: 2) $100 - $200,categorical level,0.22016238794762286,0.22697831596733314,-0.016359927097071392,0.016359927097071392,Below 0.10 heuristic
Mens E-Mail vs No E-Mail,"history_segment: 7) $1,000 +",categorical level,0.021776880837283522,0.019525016427297474,0.015834964430086848,0.015834964430086848,Below 0.10 heuristic
Womens E-Mail vs No E-Mail,history_segment: 2) $100 - $200,categorical level,0.22102211623883666,0.22697831596733314,-0.014286482498573621,0.014286482498573621,Below 0.10 heuristic
Mens E-Mail vs No E-Mail,zip_code: Rural,categorical level,0.1522035011967898,0.14732939078193935,0.013659320946457812,0.013659320946457812,Below 0.10 heuristic
Mens E-Mail vs No E-Mail,zip_code: Surburban,categorical level,0.44590979490308347,0.4517506805594668,-0.01174363231732483,0.01174363231732483,Below 0.10 heuristic
Womens E-Mail vs No E-Mail,history_segment: 3) $200 - $350,categorical level,0.19427689718053023,0.18980568853843988,0.011351154565446223,0.011351154565446223,Below 0.10 heuristic
Mens E-Mail vs No E-Mail,channel: Web,categorical level,0.4453935326418548,0.4399230263775462,0.011013846819585203,0.011013846819585203,Below 0.10 heuristic
Mens E-Mail vs No E-Mail,history_segment: 1) $0 - $100,categorical level,0.36250997324822826,0.3572702525110298,0.010916976746243505,0.010916976746243505,Below 0.10 heuristic
Mens E-Mail vs No E-Mail,history_segment: 5) $500 - $750,categorical level,0.07495189374384005,0.0775368440814794,-0.009740357963757846,0.009740357963757846,Below 0.10 heuristic
Womens E-Mail vs No E-Mail,"history_segment: 6) $750 - $1,000",categorical level,0.027727123953803712,0.029193654369661128,-0.008819513394649732,0.008819513394649732,Below 0.10 heuristic
Womens E-Mail vs No E-Mail,history_segment: 4) $350 - $500,categorical level,0.10230513863561977,0.09969022810475922,0.00867810320638658,0.00867810320638658,Below 0.10 heuristic
Womens E-Mail vs No E-Mail,mens,binary,0.548931593958947,0.5532244438186427,-0.008630933368316905,0.008630933368316905,Below 0.10 heuristic
Womens E-Mail vs No E-Mail,channel: Phone,categorical level,0.4420442324776733,0.4377640101379893,0.00862303526167356,0.00862303526167356,Below 0.10 heuristic
Mens E-Mail vs No E-Mail,channel: Phone,categorical level,0.43366029943211154,0.4377640101379893,-0.008276186526812186,0.008276186526812186,Below 0.10 heuristic
Mens E-Mail vs No E-Mail,history,continuous,242.83593091472284,240.8826532432179,0.00761286832154239,0.00761286832154239,Below 0.10 heuristic
Mens E-Mail vs No E-Mail,womens,binary,0.551415027925095,0.5476391626771802,0.007589107787702396,0.007589107787702396,Below 0.10 heuristic
Mens E-Mail vs No E-Mail,recency,continuous,5.773642464917633,5.749694921618324,0.006831532454259954,0.006831532454259954,Below 0.10 heuristic
Womens E-Mail vs No E-Mail,history,continuous,242.53663346892975,240.8826532432179,0.006510722458553667,0.006510722458553667,Below 0.10 heuristic
Mens E-Mail vs No E-Mail,"history_segment: 6) $750 - $1,000",categorical level,0.030224808748298682,0.029193654369661128,0.0060733601228462305,0.0060733601228462305,Below 0.10 heuristic
Mens E-Mail vs No E-Mail,history_segment: 3) $200 - $350,categorical level,0.1919556953114,0.18980568853843988,0.005470841971244085,0.005470841971244085,Below 0.10 heuristic
Womens E-Mail vs No E-Mail,channel: Multichannel,categorical level,0.12058727264225931,0.12231296348446447,-0.005283020872802079,0.005283020872802079,Below 0.10 heuristic
Womens E-Mail vs No E-Mail,recency,continuous,5.767849628278861,5.749694921618324,0.005180013205688683,0.005180013205688683,Below 0.10 heuristic
Womens E-Mail vs No E-Mail,channel: Web,categorical level,0.43736849488006735,0.4399230263775462,-0.005147984480878577,0.005147984480878577,Below 0.10 heuristic
Womens E-Mail vs No E-Mail,womens,binary,0.5501005283583486,0.5476391626771802,0.0049464298549050665,0.0049464298549050665,Below 0.10 heuristic
Mens E-Mail vs No E-Mail,mens,binary,0.5509456985967053,0.5532244438186427,-0.004582433174786321,0.004582433174786321,Below 0.10 heuristic
Mens E-Mail vs No E-Mail,history_segment: 4) $350 - $500,categorical level,0.09841836016332661,0.09969022810475922,-0.004257523375734979,0.004257523375734979,Below 0.10 heuristic
Mens E-Mail vs No E-Mail,channel: Multichannel,categorical level,0.1209461679260337,0.12231296348446447,-0.00418163455128495,0.00418163455128495,Below 0.10 heuristic
Womens E-Mail vs No E-Mail,zip_code: Rural,categorical level,0.14873521297984757,0.14732939078193935,0.0039585983245235,0.0039585983245235,Below 0.10 heuristic
Womens E-Mail vs No E-Mail,"history_segment: 7) $1,000 +",categorical level,0.020012156917753775,0.019525016427297474,0.003499474032277342,0.003499474032277342,Below 0.10 heuristic
Womens E-Mail vs No E-Mail,newbie,binary,0.5032496376303361,0.5019712756969867,0.002556760802117768,0.002556760802117768,Below 0.10 heuristic
Mens E-Mail vs No E-Mail,zip_code: Urban,categorical level,0.4018867039001267,0.4009199286585938,0.0019722778608723414,0.0019722778608723414,Below 0.10 heuristic
Womens E-Mail vs No E-Mail,zip_code: Urban,categorical level,0.40005610885117127,0.4009199286585938,-0.0017629079224844475,0.0017629079224844475,Below 0.10 heuristic
Womens E-Mail vs No E-Mail,zip_code: Surburban,categorical level,0.45120867816898114,0.4517506805594668,-0.001089145250116948,0.001089145250116948,Below 0.10 heuristic
Mens E-Mail vs No E-Mail,newbie,binary,0.5015253203172666,0.5019712756969867,-0.0008919163005142206,0.0008919163005142206,Below 0.10 heuristic
Womens E-Mail vs No E-Mail,history_segment: 1) $0 - $100,categorical level,0.3569458082012437,0.3572702525110298,-0.0006771289436280001,0.0006771289436280001,Below 0.10 heuristic
Womens E-Mail vs No E-Mail,history_segment: 5) $500 - $750,categorical level,0.07771075887221209,0.0775368440814794,0.0006499576260867136,0.0006499576260867136,Below 0.10 heuristic
